,Product Title,Price,Rating,Free Shipping Status,Daraz Mall Status,Seller Rating,Ship on Time Score,Link
0,Xiaomi Redmi Note 12 || 8GB Ram 128GB Rom || 5000mAh Battery 33W Fast Charger,"Rs. 51,499",4.7,True,False,91%,82%,https://www.daraz.pk/products/12-8gb-128gb-5000mah-33-i421379488-s1989920618.html?search=1
1,"Redmi Note 12 - 6.67"" Inch Display - 8GB RAM - 128GB / 256GB ROM","Rs. 51,299",4.1,True,False,85%,94%,https://www.daraz.pk/products/redmi-note-12-667-inch-display-8gb-ram-128gb-rom-i422415065-s1998747923.html?search=1
2,"Xiaomi Redmi Note 12 Pro RAM 8 GB ROM 256 GB Front Camera 16 MP Back Camera 108 MP + 08 MP + 02 MP Battery Type Li-Po 5000 mAh, non-removable","Rs. 88,840",5.0,True,False,93%,100%,https://www.daraz.pk/products/12-8-gb-256-gb-16-mp-5mp-08-mp-02-mp-li-po-108-mah-i429687998-s2046482069.html?search=1
3,Redmi Note 12 Pro - 8GB Ram 256GB Rom - 5000mAh Battery,"Rs. 87,999",4.5,True,False,91%,82%,https://www.daraz.pk/products/12-8gb-256gb-5000mah-i429700273-s2077728217.html?search=1
4,"Xiaomi Redmi Note 12 Pro RAM 8 GB ROM 256 GB Front Camera 16 MP Back Camera 108 MP + 08 MP + 02 MP Battery Type Li-Po 5000 mAh, non-removable","Rs. 88,880",5.0,True,False,96%,96%,https://www.daraz.pk/products/12-8-gb-256-gb-16-mp-5mp-08-mp-02-mp-li-po-108-mah-i429691384-s2046484228.html?search=1
5,Xiaomi Redmi Note 12 - 8GB RAM 128GB/256GB ROM - 5000mAh Battery,"Rs. 53,999",4.0,True,False,89%,91%,https://www.daraz.pk/products/12-8gb-128gb-5000mah-i421094416-s1988401363.html?search=1
6,"Redmi Note 12 8GB Ram 128GB Rom, Display Size 6.67 Inches, Battery Capacity 5000 mAh , Fast charging 33W","Rs. 50,999",4.6,True,False,94%,80%,https://www.daraz.pk/products/12-8gb-128gb-667-5000-mah-33w-i432482913-s2064737683.html?search=1
7,Redmi Note 12 || 8GB Ram 256GB Rom || 5000mAh Battery,"Rs. 61,499",4.2,True,False,91%,82%,https://www.daraz.pk/products/12-8gb-8gb-256-mah-i433024509-s2071826009.html?search=1
8,"Xiaomi Redmi Note 12 RAM 8 GB ROM 128 Front Camera 13 MP Back Camera 50 MP + 8 MP + 2 MP Battery Type Li-Po 5000 mAh, non-removable","Rs. 54,999",5.0,True,False,93%,100%,https://www.daraz.pk/products/12-8-gb-128-13-mp-50-mp-8-mp-2-mp-5000-mah-i421162647-s1988554083.html?search=1
9,Redmi note 12 8GB RAM -256GB ROM PTA APPROVED OFFICIAL WARRANTY SUPER FAST CHARGING,"Rs. 61,199",0,True,True,86%,43%,https://www.daraz.pk/products/redmi-note-12-8gb-ram-256gb-rom-pta-approved-official-warranty-super-fast-charging-i433246636-s2076772608.html?search=1
10,"Redmi Note 12 Pro - 6.67"" Inch Display - 8GB RAM - 256GB ROM","Rs. 88,599",3.4,True,False,85%,94%,https://www.daraz.pk/products/redmi-note-12-pro-667-inch-display-8gb-ram-256gb-rom-i429795970-s2047221383.html?search=1
11,"Redmi Note 12 8GB Ram 128GB Rom, Display Size 6.67 Inches, Battery Capacity 5000 mAh , Fast charging 33W","Rs. 51,999",4.7,True,False,0%,100%,https://www.daraz.pk/products/12-8gb-128gb-667-5000-mah-33w-i432630331-s2065402458.html?search=1
12,"Redmi Note 12 8GB Ram 128GB Rom, Display Size 6.67 Inches, Battery Capacity 5000 mAh , Fast charging 33W","Rs. 53,459",0,True,False,94%,100%,https://www.daraz.pk/products/12-8gb-128gb-667-5000-mah-33w-i432620785-s2065404302.html?search=1
13,REDMI NOTE 12 = 8GB RAM - 256GB ROM =5000 mAh Battery,"Rs. 64,199",0,False,False,96%,100%,https://www.daraz.pk/products/12-8gb-256grm-5000-mah-i433344043-s2077691613.html?search=1
14,"Xiaomi Redmi Note 12 RAM 8 GB ROM 256 Front Camera 13 MP Back Camera 50 MP + 8 MP + 2 MP Battery Type Li-Po 5000 mAh, non-removable","Rs. 63,000",0,True,False,96%,96%,https://www.daraz.pk/products/12-8-gb-256-13-mp-50-mp-8-mp-2-mp-5000-mah-i433517063-s2080997674.html?search=1
15,"Xiaomi Redmi Note 12 RAM 8 GB ROM 256 Front Camera 13 MP Back Camera 50 MP + 8 MP + 2 MP Battery Type Li-Po 5000 mAh, non-removable","Rs. 63,000",5.0,True,False,93%,100%,https://www.daraz.pk/products/12-8-gb-256-13-mp-50-mp-8-mp-2-mp-5000-mah-i433167196-s2075060185.html?search=1
16,Xiaomi Redmi Note 12 S RAM 8 GB ROM 256 GB Front Camera 16 MP Back Camera 108 MP + 8 MP + 2 MP Battery Type 5000 mAh,"Rs. 74,999",0,True,False,95%,66%,https://www.daraz.pk/products/12-s-8-gb-256-gb-16-mp-8-mp-8-mp-2-mp-108-mah-i433079634-s2073077006.html?search=1
17,"Xiaomi Redmi Note 12 Pro RAM 8 GB ROM 256 GB Front Camera 16 MP Back Camera 108 MP + 08 MP + 02 MP Battery Type Li-Po 5000 mAh, non-removable","Rs. 88,880",4.8,True,False,95%,66%,https://www.daraz.pk/products/12-8-gb-256-gb-16-mp-5mp-08-mp-02-mp-li-po-108-mah-i429694308-s2081910001.html?search=1
18,"Xiaomi Redmi Note 12 RAM 8 GB ROM 256 Front Camera 13 MP Back Camera 50 MP + 8 MP + 2 MP Battery Type Li-Po 5000 mAh, non-removable","Rs. 63,000",0,True,False,95%,66%,https://www.daraz.pk/products/12-8-gb-256-13-mp-50-mp-8-mp-2-mp-5000-mah-i433079813-s2073077766.html?search=1
19,Xiaomi Redmi Note 12 S RAM 8 GB ROM 256 GB Front Camera 16 MP Back Camera 108 MP + 8 MP + 2 MP Battery Type 5000 mAh,"Rs. 74,499",0,True,False,96%,96%,https://www.daraz.pk/products/12-s-8-gb-256-gb-16-mp-8-mp-2-mp-i432728049-s2068154505.html?search=1
20,Xiaomi Redmi Note 12 S RAM 8 GB ROM 256 GB Front Camera 16 MP Back Camera 108 MP + 8 MP + 2 MP Battery Type 5000 mAh,"Rs. 74,880",0,True,False,93%,100%,https://www.daraz.pk/products/12-s-8-gb-256-gb-16-mp-8-mp-8-mp-2-mp-108-mah-i433087039-s2073072783.html?search=1
21,Xiaomi Redmi Note 12 S RAM 8 GB ROM 256 GB Front Camera 16 MP Back Camera 108 MP + 8 MP + 2 MP Battery Type 5000 mAh,"Rs. 78,990",0,True,False,95%,100%,https://www.daraz.pk/products/12-s-8-gb-256-gb-16-mp-8-mp-8-mp-2-mp-108-mah-i433074942-s2073076461.html?search=1
22,"Xiaomi Redmi Note 12 RAM 8 GB ROM 128 Front Camera 13 MP Back Camera 50 MP + 8 MP + 2 MP Battery Type Li-Po 5000 mAh, non-removable","Rs. 51,480",5.0,True,False,95%,100%,https://www.daraz.pk/products/12-8-gb-128-13-mp-50-mp-8-mp-2-mp-5000-mah-i421160777-s1988549506.html?search=1
23,Redmi Note 12 || 6GB Ram 128GB Rom || 6.67 Inches AMOLED Display || 5000 mAh - Fast charging 33W wired ||,"Rs. 58,999",5.0,True,False,91%,100%,https://www.daraz.pk/products/12-6gb-1-000-gb-128-20-33-i429666228-s2045879333.html?search=1
24,"Redmi Note 12 Pro - 8GB RAM 256GB ROM - 6.67"" SuperAmoled Display - 5000mAh Battery","Rs. 89,999",0,True,False,89%,91%,https://www.daraz.pk/products/12-8gb-256gb-667-5000mah-i429412039-s2045931510.html?search=1
25,"Xiaomi Redmi Note 12 RAM 8 GB ROM 256 Front Camera 13 MP Back Camera 50 MP + 8 MP + 2 MP Battery Type Li-Po 5000 mAh, non-removable","Rs. 63,000",0,True,False,95%,100%,https://www.daraz.pk/products/12-8-gb-256-13-mp-50-mp-8-mp-2-mp-5000-mah-i433165100-s2075055231.html?search=1
26,"Xiaomi Redmi Note 12 RAM 6 GB ROM 128 Front Camera 13 MP Back Camera 50 MP + 8 MP + 2 MP Battery Type Li-Po 5000 mAh, non-removable","Rs. 54,999",0,True,False,95%,100%,https://www.daraz.pk/products/12-6-gb-128-13-mp-50-mp-8-mp-2-mp-5000-mah-i429690677-s2046194020.html?search=1
27,"Redmi Note 12 Pro , 8GB RAM 256GB ROM , 108MP Main Camera , Finger Sensor , 5000mAh Fast Charging","Rs. 90,210",0,True,False,94%,80%,https://www.daraz.pk/products/12-8gb-256gb-108mp-5000mah-i431386652-s2056960154.html?search=1
28,Redmi Note 12 - 6GB Ran 128GB Rom - 5000mAh Battery,"Rs. 64,999",3.0,True,False,91%,82%,https://www.daraz.pk/products/12-6gb-ran-128gb-5000mah-i429700238-s2046009638.html?search=1
29,"Xiaomi Redmi Note 12 RAM 6 GB ROM 128 Front Camera 13 MP Back Camera 50 MP + 8 MP + 2 MP Battery Type Li-Po 5000 mAh, non-removable","Rs. 54,999",5.0,True,False,96%,96%,https://www.daraz.pk/products/12-6-gb-128-13-mp-50-mp-8-mp-2-mp-5000-mah-i429696247-s2046485132.html?search=1
30,"Xiaomi Redmi Note 12 RAM 6 GB ROM 128 Front Camera 13 MP Back Camera 50 MP + 8 MP + 2 MP Battery Type Li-Po 5000 mAh, non-removable","Rs. 54,999",0,True,False,95%,66%,https://www.daraz.pk/products/12-6-gb-128-13-mp-50-mp-8-mp-2-mp-5000-mah-i429699060-s2046482392.html?search=1
31,"Xiaomi Redmi Note 12 RAM 8 GB ROM 128 Front Camera 13 MP Back Camera 50 MP + 8 MP + 2 MP Battery Type Li-Po 5000 mAh, non-removable","Rs. 59,880",0,True,False,95%,66%,https://www.daraz.pk/products/12-8-gb-128-13-mp-50-mp-8-mp-2-mp-5000-mah-i421165925-s1988557955.html?search=1
32,"Redmi Note 12 Pro , 8GB RAM 256GB ROM , 108MP Main Camera , Finger Sensor , 5000mAh Fast Charging","Rs. 91,179",0,True,False,94%,100%,https://www.daraz.pk/products/12-8gb-256gb-108mp-5000mah-i432745291-s2068211500.html?search=1
33,"Redmi Note 12 Pro , 8GB RAM 256GB ROM , 108MP Main Camera , Finger Sensor , 5000mAh Fast Charging","Rs. 92,070",0,True,False,0%,100%,https://www.daraz.pk/products/12-8gb-256gb-108mp-5000mah-i432620643-s2065395923.html?search=1
34,"Xiaomi Redmi Note 12 - 6.67"" AMOLED DotDisplay - 120Hz Refresh Rate - 8GB RAM 128GB/256GB ROM - 5000mAh Battery - 33W Fast Charge - 13MP Front Camera - 50MP Main Camera + 8MP Ultra Wide Camera - 2MP Macro Camera - PTA Approved","Rs. 54,999",5.0,True,False,91%,100%,https://www.daraz.pk/products/12-667-120hz-8gb-8gb128gb-256-mah-33-13mp-50mp-8mp-2mp-pta-i421098081-s2089385009.html?search=1
35,Redmi Note 12 8 GB RAM + 128GB ROM PTA Approved Mobile Phone with 1 Year Brand Warranty,"Rs. 52,499",4.7,False,True,92%,100%,https://www.daraz.pk/products/redmi-note-12-8-gb-ram-128gb-rom-pta-approved-mobile-phone-with-1-year-brand-warranty-i429185340-s2040915791.html?search=1
36,"Xiaomi Redmi Note 12 RAM 8 GB ROM 128 Front Camera 13 MP Back Camera 50 MP + 8 MP + 2 MP Battery Type Li-Po 5000 mAh, non-removable","Rs. 53,890",4.9,True,False,96%,96%,https://www.daraz.pk/products/12-8-gb-128-13-mp-50-mp-8-mp-2-mp-5000-mah-i421174278-s1988560913.html?search=1
37,"XIAOMI REDMI NOTE 12 8GB RAM 128GB ROM || 6.67"" DISPLAY || 5000mAh BATTERY || PTA APPROVED || ONE YEAR BRAND WARRANTY","Rs. 59,500",5.0,True,False,93%,68%,https://www.daraz.pk/products/xiaomi-redmi-note-12-8gb-ram-128gb-rom-667-display-5000mah-battery-pta-approved-one-year-brand-warranty-i423189176-s2007358201.html?search=1
38,Redmi Note 12 (8GB-128GB) PTA Approved With Official 1 Year Warranty,"Rs. 51,999",4.8,True,True,93%,100%,https://www.daraz.pk/products/redmi-note-12-8gb-128gb-pta-approved-with-official-1-year-warranty-i421074981-s1988370279.html?search=1
39,"Redmi Note 12 8GB Ram 128GB Rom, Display Size 6.67 Inches, Battery Capacity 5000 mAh , Fast charging 33W","Rs. 50,999",0,True,False,0%,82%,https://www.daraz.pk/products/12-8gb-128gb-667-5000-mah-33w-i437902722-s2114130287.html?search=1
40,Redmi Note 12 Pro (8GB-256GB) PTA Approved With Official 1 Year Warranty,"Rs. 89,999",4.6,True,True,93%,100%,https://www.daraz.pk/products/12-8gb-256gb-1-pta-i429264612-s2109849787.html?search=1
41,Redmi Note 12 || 8GB Ram 128GB Rom || 6.67 Inches AMOLED Display || 5000 mAh - Fast charging 33W wired ||,"Rs. 51,399",4.9,True,False,91%,100%,https://www.daraz.pk/products/12-8gb-1-000-gb-128-20-33-i421271122-s1988956005.html?search=1
42,"Redmi Note 12 Pro , 8GB Ram 256GB Rom , 6.67 Inches AMOLED Display || 5000 mAh - Fast charging 67W","Rs. 88,499",4.7,True,False,91%,100%,https://www.daraz.pk/products/12-8gb-256gb-667-5000-mah-67-i429674904-s2045924192.html?search=1
43,Redmi Note 12S - 8GB RAM 256GB ROM - Dual SIM - 5000mAh Battery,"Rs. 75,499",4.0,True,False,89%,91%,https://www.daraz.pk/products/8gb-12s-256gb-5000mah-i433403645-s2080670904.html?search=1
44,Redmi Note 12 (8GB+128GB) 6.67'' AMOLED display PTA Approved 1 Year Official Warranty,"Rs. 51,699",4.4,True,False,93%,20%,https://www.daraz.pk/products/12-8gb-128gb-pta-1-i429486844-s2043854263.html?search=1
45,Redmi Note 12 || 8GB Ram 128GB Rom || 6.67 Inches AMOLED Display || 5000 mAh - Fast charging 33W wired ||,"Rs. 51,499",4.0,True,False,95%,100%,https://www.daraz.pk/products/12-8gb-1-000-gb-128-20-33-i429690781-s2046010371.html?search=1
46,Redmi Note 12 (8GB+256GB) 6.67'' AMOLED display PTA Approved 1 Year Official Warranty,"Rs. 60,999",0,True,False,93%,20%,https://www.daraz.pk/products/12-8gb-256gb-pta-1-i433518569-s2081016585.html?search=1
47,"Xiaomi Redmi Note 12S , 8GB RAM 256GB ROM , 108 MP Main Camera , Fingerprint , 5000mAh Battery","Rs. 76,724",0,True,False,94%,100%,https://www.daraz.pk/products/8gb-12s-256gb-108-mp-5000mah-i432779257-s2068450694.html?search=1
48,"Redmi Note 12S , 8GB Ram 256GB Rom , 6.43 Inches IPS Display , 5000 mAh - Fast charging 33W","Rs. 73,499",5.0,True,False,91%,100%,https://www.daraz.pk/products/8gb-12s-256gb-643-ips-5000-mah-33w-i432728231-s2068164111.html?search=1
49,"Redmi Note 12S (8GB+256GB) 6.43"" 90Hz FHD+ Super AMOLED Display PTA Approved 1 Year Official Warranty","Rs. 75,000",5.0,True,False,93%,20%,https://www.daraz.pk/products/12-8gb-128gb-pta-1-i433028601-s2071841652.html?search=1
50,Redmi Note 12 Pro (8GB+256GB) 6.67'' AMOLED display PTA Approved 1 Year Official Warranty,"Rs. 88,999",4.8,True,False,93%,20%,https://www.daraz.pk/products/12-8gb-256gb-667-pta-1-i429878204-s2049200168.html?search=1
51,Redmi Note 12 8 GB RAM + 128GB ROM PTA Approved Mobile Phone with 1 Year Brand Warranty,"Rs. 50,999",0,True,False,89%,51%,https://www.daraz.pk/products/12-8-gb-128gb-pta-1-i436448020-s2095505537.html?search=1
52,Redmi Note 12S - 8GB RAM 256GB ROM - 6.43 Inches Display - AMOLED LCD - Dual SIM - 5000mAh Battery,"Rs. 74,479",0,True,False,91%,100%,https://www.daraz.pk/products/8gb-12s-256gb-643-lcd-5000mah-i433897693-s2081767660.html?search=1
53,"Xiaomi Redmi Note 12 RAM 8 GB ROM 256 Front Camera 13 MP Back Camera 50 MP + 8 MP + 2 MP Battery Type Li-Po 5000 mAh, non-removable","Rs. 69,980",0,False,False,93%,100%,https://www.daraz.pk/products/12-8-gb-256-13-mp-50-mp-8-mp-2-mp-5000-mah-i433088181-s2073078739.html?search=1
54,"Redmi Note 12s - 6.43"" Inch Display - 8GB RAM - 256GB ROM","Rs. 73,450",1.0,True,False,85%,94%,https://www.daraz.pk/products/redmi-note-12s-643-inch-display-8gb-ram-256gb-rom-i432774690-s2068485243.html?search=1
55,"Xiaomi Redmi Note 12S , 8GB RAM 256GB ROM , 108 MP Main Camera , Fingerprint , 5000mAh Battery","Rs. 74,999",0,True,False,87%,100%,https://www.daraz.pk/products/8gb-12s-256gb-108-mp-5000mah-i433898548-s2081770556.html?search=1
56,Redmi Note 12S - 8GB RAM 256GB ROM - 6.43 Inches Display - AMOLED LCD - Dual SIM - 5000mAh Battery,"Rs. 74,999",0,True,False,89%,51%,https://www.daraz.pk/products/8gb-12s-256gb-643-lcd-5000mah-i436685651-s2098321253.html?search=1
57,Redmi Note 12 8 GB RAM + 256GB ROM PTA Approved Mobile Phone with 1 Year Brand Warranty,"Rs. 62,999",0,True,False,89%,51%,https://www.daraz.pk/products/12-8-gb-256gb-pta-1-i436452156-s2095504824.html?search=1
58,"Xiaomi Redmi Note 12S , 8GB RAM 256GB ROM , 108 MP Main Camera , Fingerprint , 5000mAh Battery","Rs. 79,199",0,True,False,0%,100%,https://www.daraz.pk/products/8gb-12s-256gb-108-mp-5000mah-i432815512-s2069003613.html?search=1
59,"Xiaomi Redmi Note 12S , 8GB RAM 256GB ROM , 108 MP Main Camera , Fingerprint , 5000mAh Battery","Rs. 74,999",5.0,True,False,94%,80%,https://www.daraz.pk/products/8gb-12s-256gb-108-mp-5000mah-i432806007-s2068802097.html?search=1
60,"Xiaomi Redmi Note 12 RAM 8 GB ROM 128 Front Camera 13 MP Back Camera 50 MP + 8 MP + 2 MP Battery Type Li-Po 5000 mAh, non-removable","Rs. 52,500",4.8,False,False,93%,100%,https://www.daraz.pk/products/12-8-gb-128-13-mp-50-mp-8-mp-2-mp-5000-mah-i421170027-s1988552548.html?search=1
61,Redmi Note 12s || 8GB Ram 256GB Rom || 5000mAh Battery,"Rs. 74,999",0,True,False,91%,82%,https://www.daraz.pk/products/12s-8gb-256gb-ram-air-5000mah-i432705036-s2067726530.html?search=1
62,Xiaomi Redmi Note 12 S RAM 8 GB ROM 256 GB Front Camera 16 MP Back Camera 108 MP + 8 MP + 2 MP Battery Type 5000 mA,"Rs. 79,980",0,False,False,93%,100%,https://www.daraz.pk/products/12-s-8-gb-256-gb-16-mp-8-mp-8-mp-2-mp-108-ma-i433073983-s2073075392.html?search=1
63,Redmi Note 12 - 8 GB Ram - 128GB Rom PTA Approved,"Rs. 60,000",0,False,False,91%,100%,https://www.daraz.pk/products/12-8-gb-128gb-pta-i432506882-s2064805508.html?search=1
64,REDMI NOTE 12S = 8GB RAM + 256GB ROM = 5000 mAh Battery,"Rs. 77,599",0,False,False,96%,100%,https://www.daraz.pk/products/8gb-12s-256gb-5000-mah-i433339594-s2077689890.html?search=1
65,"Xiaomi Redmi Note 12 Pro RAM 8 GB ROM 256 GB Front Camera 16 MP Back Camera 108 MP + 08 MP + 02 MP Battery Type Li-Po 5000 mAh, non-removable","Rs. 88,880",5.0,True,False,95%,100%,https://www.daraz.pk/products/12-8-gb-256-gb-16-mp-5mp-08-mp-02-mp-li-po-108-mah-i429698097-s2046188461.html?search=1
66,"Redmi Note 12 8GB Ram 128GB Rom, Display Size 6.67 Inches, Battery Capacity 5000 mAh , Fast charging 33W","Rs. 55,999",0,True,False,0%,100%,https://www.daraz.pk/products/12-8gb-128gb-667-5000-mah-33w-i437285757-s2103152357.html?search=1
67,Xiaomi Redmi Note 12 || 8GB Ram 128GB Rom || 5000mAh Battery 33W Fast Charger,"Rs. 55,999",0,False,False,87%,100%,https://www.daraz.pk/products/12-8gb-128gb-5000mah-33-i432060833-s2094329698.html?search=1
68,"Xiaomi Redmi Note 12 Pro RAM 8 GB ROM 256 GB Front Camera 16 MP Back Camera 108 MP + 08 MP + 02 MP Battery Type Li-Po 5000 mAh, non-removable","Rs. 90,000",0,False,False,93%,100%,https://www.daraz.pk/products/12-8-gb-256-gb-16-mp-5mp-08-mp-02-mp-li-po-108-mah-i429693328-s2046205068.html?search=1
69,"Xiaomi Redmi Note 12 RAM 6 GB ROM 128 Front Camera 13 MP Back Camera 50 MP + 8 MP + 2 MP Battery Type Li-Po 5000 mAh, non-removable","Rs. 64,960",0,False,False,93%,100%,https://www.daraz.pk/products/12-6-gb-128-13-mp-50-mp-8-mp-2-mp-5000-mah-i429695318-s2046203559.html?search=1
70,Redmi 9C 128GB,"Rs. 24,000",0,False,False,0%,100%,https://www.daraz.pk/products/9c-128gb-i288101187-s1551126732.html?search=1
71,"Redmi Note 12 Pro , 8GB RAM 256GB ROM , 108MP Main Camera , Finger Sensor , 5000mAh Fast Charging","Rs. 90,999",0,True,False,0%,100%,https://www.daraz.pk/products/12-8gb-256gb-108mp-5000mah-i437361595-s2107542906.html?search=1
72,Redmi Note 12 || 8GB Ram 128GB Rom || 6.67 Inches AMOLED Display || 5000 mAh - Fast charging 33W wired ||,"Rs. 50,669",4.9,True,False,96%,3%,https://www.daraz.pk/products/12-8gb-1-000-gb-128-20-33-i425014085-s2018706239.html?search=1
73,"Xiaomi Note 12 , 8GB RAM 128GB ROM , 50MP Main Camera , Finger Sensor , 5000mAh Fast Chargiing","Rs. 51,999",5.0,True,False,87%,100%,https://www.daraz.pk/products/12-8gb-128gb-50mp-5000mah-i429660348-s2045859828.html?search=1
74,Redmi Note 12 Pro 8GBRAM0-256GB ROM PTA APPROVED OFFICIAL BRAND WARRANTY,"Rs. 89,999",5.0,True,True,86%,43%,https://www.daraz.pk/products/redmi-note-12-pro-8gbram0-256gb-rom-pta-approved-official-brand-warranty-i430103874-s2054168718.html?search=1
75,Redmi Note 12 4G 3d Camera Lens Tempered Glass Protector Top Quality,Rs. 224,4.3,True,False,83%,64%,https://www.daraz.pk/products/redmi-note-12-4g-3d-camera-lens-tempered-glass-protector-top-quality-i430046390-s2048016327.html?search=1
76,Xiaomi Redmi Note 12 4G Tempered Glass Screen Protector Flexible 9H Gorilla Screen Guard Unbreakable Hammer Sheet For redmi note12 4g - Transparent,Rs. 349,4.4,False,False,81%,100%,https://www.daraz.pk/products/12-4g-9h-12-4g-i432745780-s2068295760.html?search=1
77,Redmi Note 12 4g 3d Camera Tempered Glass Protector premium Quality Glass,Rs. 245,4.8,False,False,92%,100%,https://www.daraz.pk/products/12-4g-3d-i432252511-s2066751062.html?search=1
78,Xiaomi Redmi Note 11 Antishock & Drop Resistance Armor Cover,Rs. 440,4.3,True,False,90%,100%,https://www.daraz.pk/products/xiaomi-redmi-note-11-antishock-drop-resistance-armor-cover-i382149414-s1879800847.html?search=1
79,Relaxtoo For Xiaomi Redmi Note 12 4G 2Pcs HD Front Screen Protector Glass Film For Redmi Note12 4G Full Coverage Tempered Glass,Rs. 559,5.0,True,True,85%,100%,https://www.daraz.pk/products/relaxtoo-for-xiaomi-redmi-note-12-4g-2pcs-hd-front-screen-protector-glass-film-for-redmi-note12-4g-full-coverage-tempered-glass-i427599884-s2031609186.html?search=1
80,BLKNAIM 4in1 For Xiaomi Redmi Note 12 4G Phone Case Soft Silicone Phone Case+Ceramic Membrane tempered glass+Lens Film+Back Cover,Rs. 592,3.9,True,True,84%,100%,https://www.daraz.pk/products/1-4-12-4g-i426187610-s2023418034.html?search=1
81,Xiaomi Redmi Note 12 AirBag ShockProof Anti-Burst Scratch Proof Transparent TPU Mobile Back Case,Rs. 139,4.2,True,False,89%,100%,https://www.daraz.pk/products/xiaomi-redmi-note-12-airbag-shockproof-anti-burst-scratch-proof-transparent-tpu-mobile-back-case-i431252029-s2056884595.html?search=1
82,Back Camera Glass Protector for Redmi Note 12 (4G) Camera Lens Protector Guard True 3D Premium Ultra Thin High Definition Camera Tempered Glass,Rs. 240,5.0,False,False,81%,100%,https://www.daraz.pk/products/12-4g-3d-i432751175-s2068302212.html?search=1
83,Pack of 02 - Redmi Note 8 Pro - 100% Original Full coverage Tempered Glass screen Protector- Full Glue- with Cleaning Wipes,Rs. 261,4.9,False,False,91%,100%,https://www.daraz.pk/products/pack-of-02-redmi-note-8-pro-100-original-full-coverage-tempered-glass-screen-protector-full-glue-with-cleaning-wipes-i264969019-s1481244836.html?search=1
84,QAGS Cover for Xiaomi Redmi Note 11 4G Mobile Phone Case Multi Color Camera protection Soft MAtte Tpu Case Silicone Ultra Thin Back Cover,Rs. 379,4.7,True,False,90%,16%,https://www.daraz.pk/products/qags-cover-for-xiaomi-redmi-note-11-4g-mobile-phone-case-multi-color-camera-protection-soft-matte-tpu-case-silicone-ultra-thin-back-cover-i269729032-s1483540889.html?search=1
85,Redmi Note 9s / Note 9 Pro Back Camera Lens Glass Replacement for Redmi Note 9s / Note 9 Pro,Rs. 223,4.7,True,False,85%,100%,https://www.daraz.pk/products/redmi-note-9s-note-9-pro-back-camera-lens-glass-replacement-for-redmi-note-9s-note-9-pro-i404235870-s1948679990.html?search=1
86,Jizetin for Redmi Note 12 4G Back Cover Solid Color Multicolor Liquid Silicone Square Phone Case Camera Protection Cases,Rs. 502,4.8,False,True,94%,100%,https://www.daraz.pk/products/jizetin-for-redmi-note-12-4g-back-cover-solid-color-multicolor-liquid-silicone-square-phone-case-camera-protection-cases-i415633446-s1975367255.html?search=1
87,Redmi Note 11 (6.43 inch) - 100% Original Full coverage 9D Tempered Glass screen Protector- Full Glue- with Cleaning Wipes,Rs. 175,4.5,False,False,91%,100%,https://www.daraz.pk/products/redmi-note-11-643-inch-100-original-full-coverage-9d-tempered-glass-screen-protector-full-glue-with-cleaning-wipes-i412855251-s1970343204.html?search=1
88,Lereach For Xiaomi Redmi Note 12 4G Mobile Phone Case Camera Thick Armor TPU+PC Hard Ring Car Ring Bracket Shockproof Back Cover,Rs. 857,4.6,True,False,90%,100%,https://www.daraz.pk/products/12-4g-tpu-i413171973-s1970901315.html?search=1
89,Vantime for Xiaomi Redmi Note 12 4G 12S Retro PU Leather Wallet Case Flip Clasp Stand Cards Holder Casing,"Rs. 1,106",4.8,False,True,92%,100%,https://www.daraz.pk/products/vantime-for-xiaomi-redmi-note-12-4g-12s-retro-pu-leather-wallet-case-flip-clasp-stand-cards-holder-casing-i425639206-s2018578812.html?search=1
90,Xiaomi Redmi Note 10 Pro / Xiaomi Redmi Note 10 Pro Max Soft Silicone TPU Transparent Back Cover With Camera Protection,Rs. 139,4.7,False,False,88%,100%,https://www.daraz.pk/products/10-10-tpu-i350492668-s1781777738.html?search=1
91,Xiaomi Redmi Note 8 Pro Back Glass Battery Cover Rear Door Housing Case,Rs. 855,4.5,True,False,85%,100%,https://www.daraz.pk/products/xiaomi-redmi-note-8-pro-back-glass-battery-cover-rear-door-housing-case-for-redmi-note-8-pro-back-panel-i358022260-s1800706404.html?search=1
92,Xiaomi Redmi Note 9s / Note 9 Pro Privacy Protector 360 Degree HD Tempered Glass Privacy Protector - Black,Rs. 269,4.9,True,False,85%,100%,https://www.daraz.pk/products/xiaomi-redmi-note-9s-note-9-pro-privacy-protector-360-degree-hd-tempered-glass-privacy-protector-black-i389415009-s1913668211.html?search=1
93,Xiaomi Redmi Note 10 Tempered 9D Glass Protector Full Glue,Rs. 126,4.3,False,False,85%,77%,https://www.daraz.pk/products/10-9d-i272649438-s1485808752.html?search=1
94,Xiaomi Redmi Note 8 Pro Black Soft Silicon Back Cover,Rs. 179,4.4,False,False,91%,100%,https://www.daraz.pk/products/8-i363068643-s1813781950.html?search=1
95,Xiaomi Redmi Note 10 / Note 10S Multi Color Matte Soft Tpu Case Silicone Thin Back Cover,Rs. 338,4.8,True,False,90%,16%,https://www.daraz.pk/products/xiaomi-redmi-note-10-note-10s-multi-color-matte-soft-tpu-case-silicone-thin-back-cover-i109408019-s1464698487.html?search=1
96,Xiaomi Redmi Note 4 / Note 4x ( Snapdragon 625 ) Battery Replacement BN43 Battery with 4000mAh Capacity_Black,"Rs. 1,395",4.3,True,False,85%,100%,https://www.daraz.pk/products/xiaomi-redmi-note-4-note-4x-snapdragon-625-battery-replacement-bn43-battery-with-4000mah-capacity_black-i129524414-s1289294452.html?search=1
97,Protector of Phone For Redmi Note 11 4G Silicone Case With Camera Protection,Rs. 349,4.8,True,True,95%,100%,https://www.daraz.pk/products/protector-of-phone-for-redmi-note-11-4g-silicone-case-with-camera-protection-i280524248-s1508904631.html?search=1
98,For Xiaomi Redmi Note 12 4G 3in1 Screen Protector Hydrogel Soft Film Camera Film For Redmi Note12 4G Full Coverage Front Back Protective Film Not Glass,Rs. 617,5.0,True,False,86%,100%,https://www.daraz.pk/products/for-xiaomi-redmi-note-12-4g-3in1-screen-protector-hydrogel-soft-film-camera-film-for-redmi-note12-4g-full-coverage-front-back-protective-film-not-glass-i427612076-s2031650062.html?search=1
99,Xiaomi Redmi Note 9S Anti shock Case Cover Antishock Case Shockproof.,Rs. 118,4.6,True,False,88%,100%,https://www.daraz.pk/products/9s-i147814721-s1311218342.html?search=1
100,Vantime for Xiaomi Redmi Note 12 Pro 4G Case Soft Pure Leather Slim Matte Back Cover,Rs. 841,4.4,False,True,92%,100%,https://www.daraz.pk/products/vantime-for-xiaomi-redmi-note-12-pro-4g-case-soft-pure-leather-slim-matte-back-cover-i430062339-s2048181894.html?search=1
101,Jizetin (Free Lanyard) for Redmi Note 12 4G Back Cover Pure Color Luxury 6D Plating Case Side Pattern Soft Silicone Square Mobile Phone Cases,Rs. 502,4.5,False,True,94%,100%,https://www.daraz.pk/products/jizetin-free-lanyard-for-redmi-note-12-4g-back-cover-pure-color-luxury-6d-plating-case-side-pattern-soft-silicone-square-mobile-phone-cases-i415828983-s1975849505.html?search=1
102,For Redmi Note 12 4G Silicone Shield Case Anti-Drop For Redmi Note12 4G Safety Protection Phantom Shockproof Back Cover,Rs. 713,4.6,True,False,86%,100%,https://www.daraz.pk/products/for-redmi-note-12-4g-silicone-shield-case-anti-drop-for-redmi-note12-4g-safety-protection-phantom-shockproof-back-cover-i418011818-s1981400647.html?search=1
103,Relaxtoo For Xiaomi Redmi Note 10 Pro Note10pro 2pcs Screen Protector Glass For Redmi Redmy Note10 Pro Note 10pro Tempered Glass Cover,Rs. 557,5.0,True,True,85%,100%,https://www.daraz.pk/products/relaxtoo-for-xiaomi-redmi-note-10-pro-note10pro-2pcs-screen-protector-glass-for-redmi-redmy-note10-pro-note-10pro-tempered-glass-cover-i335976248-s1739723329.html?search=1
104,Quiberk for Xiaomi Redmi Note 12 4G Case Macaron Color Liquid Silicone Shockproof Soft Back Phone Cover,Rs. 584,4.5,False,True,90%,100%,https://www.daraz.pk/products/quiberk-for-xiaomi-redmi-note-12-4g-case-macaron-color-liquid-silicone-shockproof-soft-back-phone-cover-i422983348-s2002098148.html?search=1
105,Xiaomi Redmi Note 11 Ceramic Matte Screen Protector 9D 11D 21D 100D Fiber Sheet Born PUBG For redmi note 11 - Semi Transparent,Rs. 142,4.4,True,False,77%,80%,https://www.daraz.pk/products/11-9d-11d-21d-100d-pubg-11-i268984714-s1483142217.html?search=1
106,Redmi Note 10 (4G) New Soft Matte Ultra-Slim Phone Case Back Cover,Rs. 265,4.7,True,False,91%,80%,https://www.daraz.pk/products/redmi-note-10-4g-new-soft-matte-ultra-slim-phone-case-back-cover-i220777440-s1444025338.html?search=1
107,Vantime for Xiaomi Redmi Note 11S / Redmi Note 11 4G Case Soft Sandstone Slim Matte Cover,Rs. 662,4.5,False,True,92%,100%,https://www.daraz.pk/products/11s-11-i272789283-s1485890986.html?search=1
108,Redmi Note 9s / Note 9 Pro Soft Matt Color Button Camera Protection TPU Design Case Matte Scrub Shockproof Back Cover,Rs. 240,4.6,True,False,91%,100%,https://www.daraz.pk/products/redmi-note-9s-note-9-pro-soft-matt-color-button-camera-protection-tpu-design-case-matte-scrub-shockproof-back-cover-i170824154-s1341058148.html?search=1
109,Lenuo for Xiaomi Redmi Note 11 Pro 4G / Redmi Note 11E Pro 5G Case 4-corner Shockproof Protection Silicon Bumper + PC Frosted Semi Transparent Phone Back Cover,Rs. 989,4.3,False,True,91%,100%,https://www.daraz.pk/products/lenuo-for-xiaomi-redmi-note-11-pro-4g-redmi-note-11e-pro-5g-case-4-corner-shockproof-protection-silicon-bumper-pc-frosted-semi-transparent-phone-back-cover-i295509307-s1594622627.html?search=1
110,Redmi Note 9 Ceramic Matte Protector for PUBG Gaming Unbreakable Antishock Hybrid film 9D/11D/21D Fiber Nano Sheet,Rs. 77,4.6,True,False,85%,100%,https://www.daraz.pk/products/redmi-note-9-ceramic-matte-protector-for-pubg-gaming-unbreakable-antishock-hybrid-film-9d11d21d-fiber-nano-sheet-i221402853-s1436060481.html?search=1
111,【Sroof】Liquid Silicone Xiaomi Redmi Note 11 11s Macaron Candy Color TPU Shockproof Soft Phone Case Shell Protector Cover,Rs. 581,4.6,True,False,89%,100%,https://www.daraz.pk/products/sroofliquid-silicone-xiaomi-redmi-note-11-11s-macaron-candy-color-tpu-shockproof-soft-phone-case-shell-protector-cover-i345369496-s1771694104.html?search=1
112,TA for Redmi Note 10 Note 10S Back Cover Hello Kitty Mirror Folding Bracket Luxury 6D Plating Case Soft Silicone Square Phone Case for Girls,Rs. 741,4.5,False,False,92%,100%,https://www.daraz.pk/products/ta-for-redmi-note-10-note-10s-back-cover-hello-kitty-mirror-folding-bracket-luxury-6d-plating-case-soft-silicone-square-phone-case-for-girls-i379084398-s1870465305.html?search=1
113,UCUC for Redmi Note 11 Note 11S Back Cover Cute kitty Mirror Multifunction Folding Bracket Luxury 6D Plating Case Soft Silicone Square Phone Cases for Boys for Girls,Rs. 707,4.4,False,True,92%,100%,https://www.daraz.pk/products/ucuc-for-redmi-note-11-note-11s-back-cover-cute-kitty-mirror-multifunction-folding-bracket-luxury-6d-plating-case-soft-silicone-square-phone-cases-for-boys-for-girls-i382384715-s1883596405.html?search=1
114,Xiaomi Redmi Note 9 Airbag anti shock Drop Resistance Crystal Clear Back Cover Case Flexible and Soft With Camera Protection Bump,Rs. 139,4.7,False,False,90%,100%,https://www.daraz.pk/products/9-i341263193-s1758076734.html?search=1
115,UCUC for Xiaomi Redmi Note 9 Pro Back Cover + Free Lanyard Luxury 6D Plating Case Side Pattern Soft Silicone Square Mobile Phone Cases,Rs. 483,4.7,False,True,92%,100%,https://www.daraz.pk/products/ucuc-for-xiaomi-redmi-note-9-pro-back-cover-free-lanyard-luxury-6d-plating-case-side-pattern-soft-silicone-square-mobile-phone-cases-i263385653-s1480481114.html?search=1
116,Xiaomi Redmi Note 8 Soft Silicone Back Cover TPU Transparent Case With Camera Protection,Rs. 139,4.7,False,False,91%,100%,https://www.daraz.pk/products/8-tpu-i392282959-s1916195168.html?search=1
117,Jizetin for Redmi Note 11 / Note 11S Back Cover Funny Bear Lambskin Texture PU Leather Back For Girls Boys Soft Phone Case,Rs. 551,4.8,False,True,94%,100%,https://www.daraz.pk/products/jizetin-for-redmi-note-11-note-11s-back-cover-funny-bear-lambskin-texture-pu-leather-back-for-girls-boys-soft-phone-case-i356443583-s1794120935.html?search=1
118,Xiaomi Redmi Note 9 Back Cover MATTE BLACK FLEXIBLE TPU CASE With Camera Protection,Rs. 179,4.6,False,False,90%,100%,https://www.daraz.pk/products/9-tpu-i351769669-s1784012516.html?search=1
119,For Redmi Note 12S 4G Case Camera Protection Back Cover Shockproof Casing Shell Silicone Softcase,Rs. 763,4.8,True,False,92%,100%,https://www.daraz.pk/products/for-redmi-note-12s-4g-case-camera-protection-back-cover-shockproof-casing-shell-silicone-softcase-i424533450-s2011019179.html?search=1
120,UCUC for Xiaomi Redmi Note 10 / Redmi Note 10S Back Cover + Free Lanyard Butterflies Fly Luxury 6D Plating Case Side Pattern Soft Silicone Square Mobile Phone Cases,Rs. 565,4.3,False,True,92%,100%,https://www.daraz.pk/products/ucuc-for-xiaomi-redmi-note-10-redmi-note-10s-back-cover-free-lanyard-butterflies-fly-luxury-6d-plating-case-side-pattern-soft-silicone-square-mobile-phone-cases-i272597967-s1485783538.html?search=1
121,For Xiaomi Redmi Note 11 Sense of Buckled Calf Leather Sheath Phone Safety Sheath Flip-type Protective Case All-inclusive Shatter-resistant Magnetic Buckle Wallet With Female Men's Card Wallet Case,"Rs. 1,072",4.6,True,False,86%,100%,https://www.daraz.pk/products/for-xiaomi-redmi-note-11-sense-of-buckled-calf-leather-sheath-phone-safety-sheath-flip-type-protective-case-all-inclusive-shatter-resistant-magnetic-buckle-wallet-with-female-mens-card-wallet-case-i387323123-s1910145298.html?search=1
122,Lereach For Xiaomi Redmi Note 11 / Note 11s Phone Case Skin-Friendy Concave Panel Liquid Silicone Shockproof TPU Phone Back Cover,Rs. 811,4.7,True,False,90%,100%,https://www.daraz.pk/products/11-11s-tpu-i345324469-s1771556446.html?search=1
123,For Xiaomi Redmi Note 12 4G Sheepskin Leather Silicone Phone Back Case Cover for Xiaomi Redmi Note 12 4G Magnetic Silicone Bumper Cover Luxury Leather Skin Back Cover,Rs. 662,4.6,False,False,82%,99%,https://www.daraz.pk/products/for-xiaomi-redmi-note-12-4g-sheepskin-leather-silicone-phone-back-case-cover-for-xiaomi-redmi-note-12-4g-magnetic-silicone-bumper-cover-luxury-leather-skin-back-cover-i416005191-s1976477898.html?search=1
124,Biruiqu For Redmi Note 11 11s Hybrid Soft TPU Deer Pattern Leather Shockproof Case Cover,Rs. 617,4.6,True,False,89%,100%,https://www.daraz.pk/products/11s-tpu-i282623907-s1520663344.html?search=1
125,Hontinga for Redmi Note 9 Pro / Note 9S / Note 9 Pro Max Back Cover PU Leather Cartoon Ice Bear Case Soft Silicone Edge Phone Cases,Rs. 565,4.8,False,True,93%,100%,https://www.daraz.pk/products/hontinga-for-redmi-note-9-pro-note-9s-note-9-pro-max-back-cover-pu-leather-cartoon-ice-bear-case-soft-silicone-edge-phone-cases-i359775735-s1804369552.html?search=1
126,For Xiaomi Redmi Note 9S Redmi Note 9 Pro Redmi Note 9 Pro Max Phone Cases Shockproof Protection Camera Lens Slide Cover TPU+PC Thick Armor Hard Ring Kickstand Back Cover,Rs. 879,4.5,True,False,88%,100%,https://www.daraz.pk/products/14-tpu-i357054308-s1796086309.html?search=1
127,Pack of 3- Xiaomi Redmi Note 9S 9D 21D Tempered Glass Black Border Transaprent Screen Protector + Back Clear Jelly/ Matte Anti-Slip Protector Soft Skin Sheet Film Protection + 9H Flexible Camera Lens Protector For Xiaomi Redmi Note 9S - Transparent,Rs. 159,3.5,True,False,66%,37%,https://www.daraz.pk/products/3-9s-9d-21d-9h-9s-i405191827-s1950841833.html?search=1
128,Xiaomi Redmi Note 11 Camera Protection ShockProof Anti-Burst Scratch Proof Transparent TPU Mobile Back Case,Rs. 116,4.7,True,False,89%,100%,https://www.daraz.pk/products/xiaomi-redmi-note-11-camera-protection-shockproof-anti-burst-scratch-proof-transparent-tpu-mobile-back-case-i282799601-s1521885581.html?search=1
129,Jizetin for Redmi Note 10 / Note 10S Back Cover Funny Bear Lambskin Texture PU Leather Back For Girls Boys Soft Phone Case,Rs. 551,4.9,False,True,94%,100%,https://www.daraz.pk/products/jizetin-for-redmi-note-10-note-10s-back-cover-funny-bear-lambskin-texture-pu-leather-back-for-girls-boys-soft-phone-case-i356445414-s1794122447.html?search=1
130,Biruiqu For Redmi Note 10 Pro Hybrid Soft TPU Deer Pattern Leather Shockproof Case Cover,Rs. 671,4.7,True,False,89%,100%,https://www.daraz.pk/products/10-tpu-i220514216-s1434164324.html?search=1
131,Xiaomi Redmi Note 10 / Xiaomi Redmi Note 10S Soft Silicone TPU Transparent Back Cover With Camera Protection,Rs. 139,4.8,False,False,88%,100%,https://www.daraz.pk/products/10-10s-tpu-i350489811-s1781777558.html?search=1
132,Thick Armor For Xiaomi Redmi 10A Redmi 9C Mobile Phone Case TPU+PC Hard Ring Car Ring Bracket Shockproof Back Cover Camera Protection,Rs. 879,4.8,True,False,88%,100%,https://www.daraz.pk/products/14-tpu-i357419714-s1798684941.html?search=1
133,Hontinga for Redmi Note 12 4G Back Cover Cartoon Astronaut Side Design Phone Case Square Soft Liquid Silicone Mobile Cover,Rs. 589,4.8,False,True,93%,100%,https://www.daraz.pk/products/hontinga-for-redmi-note-12-4g-back-cover-cartoon-astronaut-side-design-phone-case-square-soft-liquid-silicone-mobile-cover-i416438789-s1977631908.html?search=1
134,Xiaomi Redmi Note 10 Pro Max 4G Soft Silicon Matte Black Back Cover Case Airbag Antishock With Camera Protection Bump,Rs. 179,4.5,False,False,88%,100%,https://www.daraz.pk/products/10-4g-i366680222-s1820591566.html?search=1
135,Xiaomi Redmi Note 10 4G - Transparent Shockproof Back Cover Case for Xiaomi Redmi Note 10 4G,Rs. 183,4.7,True,False,90%,97%,https://www.daraz.pk/products/xiaomi-redmi-note-10-4g-transparent-shockproof-back-cover-case-for-xiaomi-redmi-note-10-4g-i395954178-s1921123950.html?search=1
136,AMORVOR for Redmi Note 12 4G Back Cover Luxury Marble Hard Phone Case Camera Protection Mobile Cover,Rs. 653,4.1,False,True,93%,100%,https://www.daraz.pk/products/amorvor-for-redmi-note-12-4g-back-cover-luxury-marble-hard-phone-case-camera-protection-mobile-cover-i429975795-s2047623205.html?search=1
137,Biruiqu For Redmi Note 8 Pro Hybrid Soft TPU Deer Pattern Leather Shockproof Case Cover,Rs. 692,4.8,True,False,89%,100%,https://www.daraz.pk/products/8-tpu-i176114488-s1349512602.html?search=1
138,Hontinga for Redmi Note 11 Note 11S Back Cover Colorful Butterflies All-inclusive Film Hard Phone Case Camera Protection Mobile Cover,Rs. 594,4.8,False,True,93%,100%,https://www.daraz.pk/products/hontinga-for-redmi-note-11-note-11s-back-cover-colorful-butterflies-all-inclusive-film-hard-phone-case-camera-protection-mobile-cover-i430131816-s2048474776.html?search=1
139,Hontinga for Redmi Note 11 / Note 11S Back Cover Cartoon Astronaut Side Design Case Soft Square Edge Liquid Silicone Phone Cases,Rs. 579,4.8,False,True,93%,100%,https://www.daraz.pk/products/hontinga-for-redmi-note-11-note-11s-back-cover-cartoon-astronaut-side-design-case-soft-square-edge-liquid-silicone-phone-cases-i273416324-s1486578124.html?search=1
140,For Redmi Note 10 4G Case Camera Protection Back Cover Shockproof Casing Shell Silicone Softcase,Rs. 850,5.0,True,False,92%,100%,https://www.daraz.pk/products/for-redmi-note-10-4g-case-camera-protection-back-cover-shockproof-casing-shell-silicone-softcase-i343851592-s1766603434.html?search=1
141,Xiaomi Redmi Note 9S ShockProof Anti-Burst Scratch Proof Transparent TPU Mobile Back Case,Rs. 126,4.5,True,False,89%,100%,https://www.daraz.pk/products/xiaomi-redmi-note-9s-shockproof-anti-burst-scratch-proof-transparent-tpu-mobile-back-case-i146342726-s1309096225.html?search=1
142,Xiaomi Redmi Note 12S Back Rear Anti shock Proof Transparent 9h Flexible Camera Lens Protector,Rs. 76,3.0,True,False,66%,37%,https://www.daraz.pk/products/12s-9h-i433274162-s2077516120.html?search=1
143,Hontinga for Redmi Note 11 Note 11S Back Cover Luxury Marble All-inclusive Film Hard Phone Case Camera Protection Mobile Cover,Rs. 664,5.0,True,True,93%,100%,https://www.daraz.pk/products/hontinga-for-redmi-note-11-note-11s-back-cover-luxury-marble-all-inclusive-film-hard-phone-case-camera-protection-mobile-cover-i420548551-s1986112219.html?search=1
144,Xiaomi Redmi Note 8 Pro Matte Black Flexible TPU Case Antishock Slim Back Cover - Shockproof,Rs. 130,4.7,False,False,91%,100%,https://www.daraz.pk/products/xiaomi-redmi-note-8-pro-matte-black-flexible-tpu-case-antishock-slim-back-cover-shockproof-i221597760-s1436545279.html?search=1
145,Hontinga for Redmi Note 12 4G Back Cover Colorful Butterflies All-inclusive Film Hard Phone Case Camera Protection Mobile Cover,Rs. 594,4.6,False,True,93%,100%,https://www.daraz.pk/products/hontinga-for-redmi-note-12-4g-back-cover-colorful-butterflies-all-inclusive-film-hard-phone-case-camera-protection-mobile-cover-i430130545-s2048469389.html?search=1
146,Pack of 3 -Xiaomi Redmi Note 11 Full Black 9D 21D 6D Tempered Glass Screen Protector + Back Matte Protector Soft Skin Sheet Film + Camera Lens Glass Protector For note 11 - Transparent,Rs. 385,4.8,True,False,77%,80%,https://www.daraz.pk/products/3-11-9d-21d-6d-11-i269678417-s1483529787.html?search=1
147,For Xiaomi Redmi Note 10 Pro - Transparent Shockproof Back Cover Case For Xiaomi Redmi Note 10 Pro,Rs. 174,4.8,True,False,90%,97%,https://www.daraz.pk/products/for-xiaomi-redmi-note-10-pro-transparent-shockproof-back-cover-case-for-xiaomi-redmi-note-10-pro-i395953285-s1921124864.html?search=1
148,"For Xiaomi Redmi Note 12 4G Case,with Bracelet Gradient Color 3D Cartoon Pattern Soft Shockproof Phone Case","Rs. 1,075",5.0,False,False,93%,100%,https://www.daraz.pk/products/for-xiaomi-redmi-note-12-4g-casewith-bracelet-gradient-color-3d-cartoon-pattern-soft-shockproof-phone-case-i430535441-s2053199586.html?search=1
149,Xiaomi Redmi Note 8 Pro Soft Silicon Matte Black Back Cover Case Airbag Antishock With Camera Protection Bump,Rs. 179,4.9,False,False,88%,100%,https://www.daraz.pk/products/8-i366647855-s1820532667.html?search=1
150,Thick Armor For Xiaomi Redmi Note 11 / Note 11S Mobile Phone Case TPU+PC Hard Ring Car Ring Bracket Shockproof Back Cover Camera Protection,Rs. 879,4.6,True,False,88%,100%,https://www.daraz.pk/products/14-tpu-i357089942-s1796383742.html?search=1
151,BILI for Redmi Note 8 Cover Yellow Flower Lens Protection Soft PU Leather Phone Cases,Rs. 558,5.0,False,False,91%,100%,https://www.daraz.pk/products/bili-for-redmi-note-8-cover-yellow-flower-lens-protection-soft-pu-leather-phone-cases-i386164248-s1907947323.html?search=1
152,Xiaomi Redmi Note 8 Airbag ShockProof Transparent TPU Mobile Back Case,Rs. 139,4.5,True,False,89%,100%,https://www.daraz.pk/products/xiaomi-redmi-note-8-airbag-shockproof-transparent-tpu-mobile-back-case-i425362059-s2014725850.html?search=1
153,Jizetin for Redmi Note 11 / Note 11S Back Cover Bear Daily Activity Lambskin Texture PU Leather Back For Girls Boys Soft Phone Case,Rs. 551,4.4,False,True,94%,100%,https://www.daraz.pk/products/jizetin-for-redmi-note-11-note-11s-back-cover-bear-daily-activity-lambskin-texture-pu-leather-back-for-girls-boys-soft-phone-case-i356399940-s1794022664.html?search=1
154,Jizetin for Redmi 9C / Redmi 10A Back Cover Black Purple Butterfly Square Camera Hole Shockproof Protection Soft Silicone Phone Case,Rs. 493,4.8,False,True,94%,100%,https://www.daraz.pk/products/jizetin-for-redmi-9c-redmi-10a-back-cover-black-purple-butterfly-square-camera-hole-shockproof-protection-soft-silicone-phone-case-i389169762-s1913228245.html?search=1
155,UCUC for Redmi Note 11 Note 11S Back Cover Star Moon Astronaut Soft Drop Resistant Phone Case,Rs. 568,5.0,False,True,92%,100%,https://www.daraz.pk/products/ucuc-for-redmi-note-11-note-11s-back-cover-star-moon-astronaut-soft-drop-resistant-phone-case-i352852276-s1785810177.html?search=1
156,Xiaomi Redmi Note 5 Pro Anti Shock Drop Resistance Transparent TPU Case Silicone Back Cover (1MM),Rs. 139,5.0,False,False,86%,100%,https://www.daraz.pk/products/xiaomi-redmi-note-5-pro-anti-shock-drop-resistance-transparent-tpu-case-silicone-back-cover-1mm-i214085045-s1422797123.html?search=1
157,Hontinga for Redmi 9C / Redmi 10A Case Cartoon Magazine Style Side Design Back Cover Soft Square Edge Liquid Silicone Phone Cases,Rs. 579,5.0,False,True,93%,100%,https://www.daraz.pk/products/hontinga-for-redmi-9c-redmi-10a-case-cartoon-magazine-style-side-design-back-cover-soft-square-edge-liquid-silicone-phone-cases-i258134342-s1475041301.html?search=1
158,Xiaomi Redmi Note 8 Pro Antishock Drop Resistance Armor Back Cover,Rs. 425,4.8,False,False,88%,100%,https://www.daraz.pk/products/8-i193622314-s1387358911.html?search=1
159,BILI for Redmi Note 12 4G Back Cover Pink Butterfly for Boys Girls Multicolor Liquid Silicone Case Soft Square Lens Protection Phone Cases,Rs. 569,4.9,False,False,91%,100%,https://www.daraz.pk/products/bili-for-redmi-note-12-4g-back-cover-pink-butterfly-for-boys-girls-multicolor-liquid-silicone-case-soft-square-lens-protection-phone-cases-i415180421-s1974433199.html?search=1
160,Vantime for Xiaomi Redmi Note 12 4G Case Fabric Texture Slim Matte Back Cover,Rs. 850,4.6,False,True,92%,100%,https://www.daraz.pk/products/vantime-for-xiaomi-redmi-note-12-4g-case-fabric-texture-slim-matte-back-cover-i421712456-s1993416199.html?search=1
161,For Xiaomi Redmi Note 8 Pro Phone Cases Shockproof Protection Camera Lens Slide Cover TPU+PC Thick Armor Hard Ring Kickstand Back Cover,Rs. 879,4.7,True,False,88%,100%,https://www.daraz.pk/products/14-tpu-i357021146-s1916941050.html?search=1
162,Vantime for Xiaomi Redmi Note 12 4G Case Kickstand Camera Lens Protect Cover,Rs. 988,4.8,False,True,92%,100%,https://www.daraz.pk/products/vantime-for-xiaomi-redmi-note-12-4g-case-kickstand-camera-lens-protect-cover-i424353687-s2010533269.html?search=1
163,Xiaomi Redmi 10A / Redmi 9C Airbag ShockProof Anti-Burst Scratch Proof Transparent TPU Mobile Back Case,Rs. 139,4.6,True,False,89%,100%,https://www.daraz.pk/products/xiaomi-redmi-10a-redmi-9c-airbag-shockproof-anti-burst-scratch-proof-transparent-tpu-mobile-back-case-i359717464-s1804293647.html?search=1
164,Jizetin for Redmi Note 10 / Note 10S Back Cover Cloud Astronaut Lambskin Texture PU Leather Back For Girls Boys Soft Phone Case,Rs. 551,5.0,False,True,94%,100%,https://www.daraz.pk/products/jizetin-for-redmi-note-10-note-10s-back-cover-cloud-astronaut-lambskin-texture-pu-leather-back-for-girls-boys-soft-phone-case-i396367080-s1921672760.html?search=1
165,Hontinga for Redmi Note 11 / Note 11S Back Cover Fashion Racing Side Design Case Square Edge Liquid Silicone Phone Case,Rs. 579,4.8,False,True,93%,100%,https://www.daraz.pk/products/hontinga-for-redmi-note-11-note-11s-back-cover-fashion-racing-side-design-case-square-edge-liquid-silicone-phone-case-i274533472-s1488203729.html?search=1
166,Hontinga for Redmi Note 9 Pro Note 9S Note 9 Pro Max Back Cover Luxury Marble All-inclusive Film Hard Phone Case Camera Protection Mobile Cover,Rs. 664,4.5,False,True,93%,100%,https://www.daraz.pk/products/hontinga-for-redmi-note-9-pro-note-9s-note-9-pro-max-back-cover-luxury-marble-all-inclusive-film-hard-phone-case-camera-protection-mobile-cover-i430134603-s2048477115.html?search=1
167,Xiaomi Redmi Note 9 Pro Black Matte Ceramic Glass Full Glue Edge TO Edge Born For Game Note9 Pro AGA,Rs. 96,4.4,False,False,85%,77%,https://www.daraz.pk/products/9-9-aga-i144988843-s1306812402.html?search=1
168,Xiaomi Redmi Note 8 Matte Soft Silicon Shockproof Back Cover with Camera Protection,Rs. 199,4.5,False,False,88%,100%,https://www.daraz.pk/products/x3-i294267314-s1586767558.html?search=1
169,Vantime for Xiaomi Redmi Note 11S / Redmi Note 11 4G Case Hybrid Slim Matte Cover,Rs. 870,5.0,False,True,92%,100%,https://www.daraz.pk/products/11s-11-i272791334-s1485892924.html?search=1
170,Redmi Note 11 Pro Back Cover Transparent Soft Silicone Crystal Clear Case For Redmi Note 11 Pro,Rs. 175,5.0,True,False,89%,67%,https://www.daraz.pk/products/redmi-note-11-pro-back-cover-transparent-soft-silicone-crystal-clear-case-for-redmi-note-11-pro-i397522473-s1924214020.html?search=1
171,UCUC for Xiaomi Redmi Note 10 Back Cover + Free Lanyard Luxury 6D Plating Case Side Pattern Soft Silicone Square Mobile Phone Cases,Rs. 483,4.8,False,True,92%,100%,https://www.daraz.pk/products/ucuc-for-xiaomi-redmi-note-10-back-cover-free-lanyard-luxury-6d-plating-case-side-pattern-soft-silicone-square-mobile-phone-cases-i263389491-s1480467683.html?search=1
172,XIAOMI REDMI NOTE 11 4G CAMERA GLASS PROTECTOR / 9D CAMERA GLASS PROTECTOR FOR REDMI NOTE 11 / TEMPERED CAMERA GLASS PROTECTOR FOR XIAOMI REDMI NOTE 11 / REDMI NOTE 11 3D CAMERA GLASS PROTECTOR / TOP QUALITY 9D CAMERA GLASS PROTECTOR XIAOMI REDMI NOTE 11,Rs. 241,4.9,False,False,92%,100%,https://www.daraz.pk/products/xiaomi-redmi-note-11-4g-camera-glass-protector-9d-camera-glass-protector-for-redmi-note-11-tempered-camera-glass-protector-for-xiaomi-redmi-note-11-redmi-note-11-3d-camera-glass-protector-top-quality-9d-camera-glass-protector-xiaomi-redmi-note-11-i271427811-s1484697480.html?search=1
173,For Xiaomi Redmi Note 9s/Note9 Pro Case Mix Color Fashion Slim Back Cover Camera Protection Hardcase Leather Business Casing Compatible with Magnetic Car Holder,Rs. 871,4.9,True,False,92%,100%,https://www.daraz.pk/products/9s-9-i227029811-s1446625893.html?search=1
174,Vantime for Xiaomi Redmi Note 10 4G / Redmi Note 10S Case Soft Sandstone Slim Matte Cover,Rs. 662,4.5,False,True,92%,100%,https://www.daraz.pk/products/10-4g-10s-i214438714-s1423367667.html?search=1
175,Vantime for Xiaomi Redmi Note 12 Pro 4G Case Soft Sandstone Slim Matte Cover,Rs. 655,3.9,False,True,92%,100%,https://www.daraz.pk/products/vantime-for-xiaomi-redmi-note-12-pro-4g-case-soft-sandstone-slim-matte-cover-i430062293-s2048182374.html?search=1
176,UCUC for Redmi Note 9 Back Cover Cute kitty Mirror Multifunction Folding Bracket Luxury 6D Plating Case Soft Silicone Square Phone Cases for Boys for Girls,Rs. 707,4.6,False,True,92%,100%,https://www.daraz.pk/products/ucuc-for-redmi-note-9-back-cover-cute-kitty-mirror-multifunction-folding-bracket-luxury-6d-plating-case-soft-silicone-square-phone-cases-for-boys-for-girls-i382404275-s1883616405.html?search=1
177,Biruiqu For Redmi Note 12 4G Hybrid Soft TPU Deer Pattern Leather Shockproof Case Cover,Rs. 692,5.0,True,False,89%,100%,https://www.daraz.pk/products/12-4g-tpu-i423762793-s2007255622.html?search=1
178,Biruiqu For Redmi Note 10 5G Hybrid Soft TPU Deer Pattern Leather Shockproof Case Cover,Rs. 657,4.4,True,False,89%,100%,https://www.daraz.pk/products/10-5-tpu-i220990909-s1435014928.html?search=1
179,Redmi Note 7 / Note 7 Pro Back Glass Battery Cover Rear Door Housing Case For Redmi Note 7 / Note 7 Pro Back Battery Glass Cover Replacement,Rs. 809,4.9,True,False,85%,100%,https://www.daraz.pk/products/redmi-note-7-note-7-pro-back-glass-battery-cover-rear-door-housing-case-for-redmi-note-7-note-7-pro-back-battery-glass-cover-replacement-i369494022-s1830195917.html?search=1
180,Mi Redmi Note 8 Pro Back Cover Transparent Soft Silicone Crystal Clear Case TPU For Mi Redmi Note 8 Pro,Rs. 225,4.8,True,False,79%,69%,https://www.daraz.pk/products/mi-redmi-note-8-pro-back-cover-transparent-soft-silicone-crystal-clear-case-tpu-for-mi-redmi-note-8-pro-i426009843-s2021908883.html?search=1
181,Tokifu For Redmi Note 11 Casing The New Liquid Silicone Phone Case Camera Lens All-inclusive Shockproof Cover Cases,Rs. 563,4.7,False,False,88%,100%,https://www.daraz.pk/products/11-i345905592-s1772632793.html?search=1
182,For Xiaomi Redmi Note 12S Case Slim Silicone Softcase Camare Protection Back Cover Texture Casing Compatible with Magnetic Car Holder,Rs. 843,5.0,True,False,92%,100%,https://www.daraz.pk/products/for-xiaomi-redmi-note-12s-case-slim-silicone-softcase-camare-protection-back-cover-texture-casing-compatible-with-magnetic-car-holder-i423522484-s2005516990.html?search=1
183,Vantime for Xiaomi Redmi Note 12 Pro 4G Armor Case Hybrid ShockProof Dual layer with Ring Stand Cover,Rs. 968,4.5,False,True,92%,100%,https://www.daraz.pk/products/vantime-for-xiaomi-redmi-note-12-pro-4g-armor-case-hybrid-shockproof-dual-layer-with-ring-stand-cover-i430067117-s2048182712.html?search=1
184,BILI for Redmi 9C / Redmi 10A Back Cover Pink Butterfly for Boys Girls Multicolor Liquid Silicone Case Soft Square Lens Protection Phone Cases,Rs. 569,5.0,False,False,91%,100%,https://www.daraz.pk/products/bili-for-redmi-9c-redmi-10a-back-cover-pink-butterfly-for-boys-girls-multicolor-liquid-silicone-case-soft-square-lens-protection-phone-cases-i415181117-s1974433188.html?search=1
185,Xiaomi Redmi Note 5 Pro Black Soft Silicon Back Cover,Rs. 179,5.0,False,False,91%,100%,https://www.daraz.pk/products/5-i361725252-s1811460906.html?search=1
186,BILI for Redmi 9C / Redmi 10A Back Cover With Free Ring Holder Multicolor Wavy Soft Transparent Colorful Wavy Phone Cases,Rs. 559,5.0,False,False,91%,100%,https://www.daraz.pk/products/bili-for-redmi-9c-redmi-10a-back-cover-with-free-ring-holder-multicolor-wavy-soft-transparent-colorful-wavy-phone-cases-i399554659-s1930949469.html?search=1
187,Redmi Note 11 4G Back Cover Luxury 6D Plating Soft Case Camera Lens Protection Square Frame Silicone Glossy Shockproof Mobile Phone Cases- Redmi Note 11 4G Girls & Boys Back Cover,Rs. 383,5.0,True,False,86%,100%,https://www.daraz.pk/products/redmi-note-11-4g-back-cover-luxury-6d-plating-soft-case-camera-lens-protection-square-frame-silicone-glossy-shockproof-mobile-phone-cases-redmi-note-11-4g-girls-boys-back-cover-i426027041-s2021986330.html?search=1
188,Hontinga for Redmi Note 10 Pro Note 10 Pro Max Back Cover Luxury Marble All-inclusive Film Hard Phone Case Camera Protection Mobile Cover,Rs. 664,5.0,True,True,93%,100%,https://www.daraz.pk/products/hontinga-for-redmi-note-10-pro-note-10-pro-max-back-cover-luxury-marble-all-inclusive-film-hard-phone-case-camera-protection-mobile-cover-i430132635-s2048474454.html?search=1
189,Xiaomi Redmi 9C Antishock Drop Resistance Armor Back Cover,Rs. 399,4.8,False,False,88%,100%,https://www.daraz.pk/products/9c-i193620102-s1387346426.html?search=1
190,Xiaomi Redmi Note 10 Pro MATTE BLACK FLEXIBLE TPU CASE SLIM COVER - SHOCKPROOF,Rs. 179,4.9,False,False,88%,100%,https://www.daraz.pk/products/xiaomi-redmi-note-10-pro-matte-black-flexible-tpu-case-slim-cover-shockproof-i311525504-s1650622347.html?search=1
191,Hontinga for Redmi Note 12 4G Back Cover Cartoon Magazine Style Side Design Phone Case Square Soft Liquid Silicone Mobile Cover,Rs. 589,4.6,False,True,93%,100%,https://www.daraz.pk/products/hontinga-for-redmi-note-12-4g-back-cover-cartoon-magazine-style-side-design-phone-case-square-soft-liquid-silicone-mobile-cover-i416432978-s1977629966.html?search=1
192,Xiaomi Redmi Note 12 Ipaky Shockproof Hybrid Armor Back Case Full Edge Cover For Xiaomi Redmi Note 12 5G,Rs. 329,4.6,False,False,88%,97%,https://www.daraz.pk/products/12-ipaky-12-5-i423446865-s2011421708.html?search=1
193,Relaxtoo For Xiaomi Redmi 9C Crazy Horse Pattern Leather Shell Wallet Flip Cover Magnetic Phone Case Leather Case Mobile Phone Safety Protection And Shock Resistance,Rs. 830,4.3,True,True,85%,100%,https://www.daraz.pk/products/relaxtoo-for-xiaomi-redmi-9c-crazy-horse-pattern-leather-shell-wallet-flip-cover-magnetic-phone-case-leather-case-mobile-phone-safety-protection-and-shock-resistance-i383909416-s1885809260.html?search=1
194,Redmi 10A 10C 9A 9C 9 Phone Case Lens Protection Casing Solid Straight Edge Liquid Silicone Soft TPU Back Cover,Rs. 590,5.0,True,False,70%,100%,https://www.daraz.pk/products/norvik-redmi-10a-10c-9a-9c-9-tpu-i431742357-s2058301079.html?search=1
195,Vantime for Xiaomi Redmi Note 11 Pro 4G/5G Case Soft Pure Leather Slim Matte Back Cover,Rs. 841,5.0,False,True,92%,100%,https://www.daraz.pk/products/vantime-for-xiaomi-redmi-note-11-pro-4g5g-case-soft-pure-leather-slim-matte-back-cover-i422785725-s2000949491.html?search=1
196,Hontinga for Redmi Note 12 4G Back Cover（Free Lanyard）Luxury 6D Plating Cute Cartoon Dogs Side Pattern Case Soft Silicone Square Mobile Cover,Rs. 597,5.0,False,True,93%,100%,https://www.daraz.pk/products/hontinga-for-redmi-note-12-4g-back-coverfree-lanyardluxury-6d-plating-cute-cartoon-dogs-side-pattern-case-soft-silicone-square-mobile-cover-i415135860-s1974398631.html?search=1
197,For Redmi Note 11 Pro 4G - Premium Liquid Silicone Silky Soft Gel Rubber Shockproof Back Cover Case For Redmi Note 11 Pro 4G,Rs. 459,5.0,True,False,90%,97%,https://www.daraz.pk/products/for-redmi-note-11-pro-4g-premium-liquid-silicone-silky-soft-gel-rubber-shockproof-back-cover-case-for-redmi-note-11-pro-4g-i335475334-s1737698280.html?search=1
198,Xiaomi Redmi Note 5 Pro Soft Silicone Back Cover - Shockproof,Rs. 179,4.8,False,False,86%,100%,https://www.daraz.pk/products/5-i232540922-s1451894516.html?search=1
199,Relaxtoo For Xiaomi Redmi Note 11 International Version Skin-sensitive Magnetic Suction Mobile Phone Shell Mobile Phone Protection Shock-proof Mobile Phone Safety Protection Luxury Leather Case Phone Back Cover,Rs. 819,4.4,True,True,85%,100%,https://www.daraz.pk/products/relaxtoo-for-xiaomi-redmi-note-11-international-version-skin-sensitive-magnetic-suction-mobile-phone-shell-mobile-phone-protection-shock-proof-mobile-phone-safety-protection-luxury-leather-case-phone-back-cover-i376062959-s1861570148.html?search=1
